"Year,""RIC"",""TotRev"",""MktCap_yearly"",""EstimatedCO2"",""CO2Total"",""escores"",""emissionscores"",""ppen"",""capx"",""divpershare"",""Beta"",""Type"",""stocks"",""DATASTREAM CODE"",""CURRENCY"",""TRCS DESCRIPTION"",""STOCK TYPE"",""BOURSE NAME"",""ISIN CODE"",""GEOGRAPHIC DESCR."",""GEOG DESC OF LSTNG"",""SIC CODE 1"",""TotAssets"",""IntRateCov"",""GrossProfit"",""TotDebt"",""BookEq"",""eps"",""int1"",""int2"",""cash1"",""cash2"",""op_income"",""Depr"",""IPODate"""
"2003,""A"",21142488500.8715,21334563126.797,919527,NA,0,0,NA,2682509074.90435,9.6518277429,1.27871299212966,""997863"",""A P MOLLER MAERSK B"",""997863"",""DK"",""Ordinary Shares"",""EQ"",""NASDAQ Copenhagen"",""DK0010244508"",""DENMARK"",""DENMARK"",4412,23225053470.7323,4.75177,74.26422,7060562547.51246,15573612636.2024,134.1257642466,142946946.532648,272605867.049578,3957147302.98167,2086891196.89163,3317562748.52499,3317562748.52499,1905-06-04"
"2003,""B"",119351000,48300000,NA,NA,NA,NA,48152500,9669000,1.05,0.873569904020803,""679821"",""A S CREATION TAPETEN"",""679821"",""E"",""Ordinary Shares"",""EQ"",""Boerse Frankfurt"",""DE000A1TNNN5"",""GERMANY"",""GERMANY"",2671,103330000,2.98519,43.66197,24107000,55684000,NA,NA,2147000,4293000,4293000,9678000,9678000,1998-05-18"
"2003,""C"",NA,NA,NA,NA,NA,NA,NA,NA,NA,1.15832437075161,""2800K7"",""AAC CLYDE SPACE"",""2800K7"",""SK"",""Ordinary Shares"",""EQ"",""NASDAQ Stockholm"",""SE0021020716"",""SWEDEN"",""SWEDEN"",3812,NA,NA,NA,NA,NA,NA,NA,NA,NA,NA,NA,NA,2016-12-21"
"2003,""D"",NA,NA,NA,NA,NA,NA,NA,NA,NA,0.416871863127546,""31938W"",""AAK"",""31938W"",""SK"",""Ordinary Shares"",""EQ"",""NASDAQ Stockholm"",""SE0011337708"",""SWEDEN"",""SWEDEN"",2079,NA,NA,NA,NA,NA,NA,NA,NA,NA,NA,NA,NA,2005-09-29"
"2003,""E"",784589000,487351446.06,NA,NA,NA,NA,233307500,30719000,0.1651,1.75679295573456,""749352"",""AALBERTS"",""749352"",""E"",""Ordinary Shares"",""EQ"",""Euronext Amsterdam"",""NL0000852564"",""NETHERLANDS"",""NETHERLANDS"",3498,699151000,NA,62.62056,323056000,228080000,0.57972,NA,NA,89000,89000,88055000,88055000,1987-03-01"
"2003,""F"",6.65e+08,866057002.963794,NA,NA,NA,NA,2.17e+08,1.52e+08,0.20816,1.03585562660223,""15437R"",""AAREAL BANK N"",""15437R"",""E"",""Ordinary Shares"",""EQ"",""Boerse Hamburg"",""DE000A37FT90"",""GERMANY"",""GERMANY"",6029,3.7927e+10,0.04722,NA,1.2116e+10,9.74e+08,-2.44312,NA,NA,NA,1.26e+09,5.6e+07,5.6e+07,2008-02-25"
"2003,""G"",NA,NA,NA,NA,NA,NA,NA,NA,NA,1.00124027826703,""88676H"",""AB DYNAMICS"",""88676H"",""£"",""Ordinary Shares"",""EQ"",""London SE"",""GB00B9GQVG73"",""UNITED KINGDOM"",""UNITED KINGDOM"",3829,NA,NA,NA,NA,NA,NA,NA,NA,NA,NA,NA,NA,2013-05-22"
"2003,""H"",NA,NA,NA,NA,NA,NA,NA,NA,NA,0.92029177266334,""69212W"",""AB SCIENCE"",""69212W"",""E"",""Ordinary Shares"",""EQ"",""Euronext Paris"",""FR0010557264"",""FRANCE"",""FRANCE"",8731,NA,NA,NA,NA,NA,NA,NA,NA,NA,NA,NA,NA,2010-04-21"
"2003,""I"",17992435195.8356,8183889676.78167,1429000,1429000,48.5188060731539,63.0434782608696,2208396135,484057744.054795,0.013056327,1.37797536034776,""922924"",""ABB LTD N"",""922924"",""SF"",""Ordinary Shares"",""EQ"",""Six Swiss Exchange"",""CH0012221716"",""SWITZERLAND"",""SWITZERLAND"",3613,24154506530,0.52757,22.01456,7.934e+09,2.917e+09,0.147087864,465594580,NA,4176049680,3800236990,258977320,258977320,2001-05-07"