"date,Wilderhill Clean Energy,S&P Global Clean Energy,ISE Global Wind Energy,MAC Global Solar Energy,S&P 500 Integrated Oil & Gas TR,""FTSE All World Oil & Gas & Coal Index, USD"",STOXX Europe 600 Oil & Gas Price EUR"
2004-12-28,162.9,1202.69,NA,NA,NA,NA,305.94
2004-12-29,163.43,1205.02,NA,NA,NA,NA,304.72
2004-12-30,166.23,1218.96,NA,NA,NA,NA,304.66
2004-12-31,166.2,1222.26,NA,NA,NA,NA,304.38
2005-01-03,162.46,1206.65,NA,NA,NA,NA,304.16
2005-01-04,157.74,1179.21,NA,NA,NA,NA,303.31
2005-01-05,154.97,1164.98,NA,NA,NA,NA,302.14
2005-01-06,154.82,1155.65,NA,NA,NA,NA,304.48
2005-01-07,152.72,1156.45,NA,NA,NA,NA,306.19