"n","uc_y1_1990","uc_y1_2019","uc_y10_1990","uc_y10_2019","arbreak_y1_1990","arbreak_y1_2019","arbreak_y10_1990","arbreak_y10_2019","arlearn_y1_1990","arlearn_y1_2019","arlearn_y10_1990","arlearn_y10_2019"
1,1.97628721791751,0.918774397780729,3.17602221995113,1.36128258282822,2.75179601684659,0.863756656401462,3.85820050066989,1.9517059593941,2.85472954073595,1.34993288471494,3.92633005498724,2.42378132027959
2,1.99549559129651,0.99680888761427,3.17329283866188,1.39552520271204,2.75022812156463,0.898558934972529,3.85179327123646,1.95192880397218,2.85044035258626,1.37365299301873,3.92196609926984,2.42074210944149
3,2.01385457667769,1.04383139541868,3.17233359696008,1.41367094509132,2.74874458502458,0.918355779135088,3.84958615882756,1.95387528621299,2.84576144937456,1.38903454443809,3.92017893862048,2.41842479309196
4,2.02430735366942,1.07519464318143,3.16826608586508,1.42356400320485,2.74906192706694,0.931138674112758,3.84499920474105,1.95365481488633,2.84248494725588,1.39979431653322,3.91792897263174,2.41645740568131
5,2.02972493902727,1.09481705529671,3.16193884233628,1.42696590382988,2.74801444221165,0.941159383095518,3.84021619355378,1.95252496856121,2.83967117689762,1.40748365724074,3.91556492836005,2.41357289840308
6,2.03244167539007,1.10844870264238,3.15569985564965,1.42867805826785,2.74553799994983,0.948707679355372,3.83666643508517,1.95191195887513,2.83714566953415,1.41326141056687,3.91229757137374,2.41055996996274
7,2.03343908691805,1.117945992464,3.14959614756127,1.42862329858452,2.7423527680824,0.954805240382772,3.83316591787723,1.95111688094075,2.83512559089028,1.41690929653318,3.90942449160561,2.40769745307106
8,2.03297728372183,1.12430557981666,3.14313141739592,1.42748879402905,2.73912026547422,0.958333359572213,3.82927372363429,1.94884479994239,2.83275136659534,1.41998587000532,3.90695468958546,2.4045761764484
9,2.03209803963503,1.12892697561879,3.13694351019621,1.426190096809,2.73659514869591,0.960919166333397,3.82696171456122,1.94662502109485,2.82978698156445,1.42250563268034,3.90448733356213,2.40168392071906
10,2.0304532736924,1.1321577939784,3.13042085349173,1.42454076298704,2.73439777955158,0.963274227375411,3.8234938580766,1.94467573977561,2.82772779328356,1.4244845588217,3.90218038753979,2.39936850308929
11,2.02812633149847,1.13473477330762,3.12314121975306,1.4227339278235,2.73193491298055,0.964957528880853,3.81926401976309,1.942829602614,2.82579796171874,1.4258333574537,3.8999754242137,2.39641061713509
12,2.02604790389531,1.13635628293445,3.11616142616007,1.42041885926416,2.72899957310318,0.966157130319045,3.8150098196379,1.94070610349743,2.82370575521691,1.42645461107363,3.89716282336731,2.3940027183939
13,2.02305784410422,1.13722800083217,3.10862804477288,1.41816151664011,2.72584505190337,0.966911923351989,3.81079635781441,1.9386899821734,2.82113495272986,1.42651497112352,3.89429939981068,2.39167037392224
14,2.02000517305247,1.13790081754545,3.10108064427322,1.41563218240796,2.72252809743567,0.967109494353137,3.80648085491431,1.93680476570333,2.81884457990198,1.42658263077838,3.8915608673408,2.3888308425253
15,2.01694278776566,1.13794928796071,3.09372796794969,1.41284664909653,2.72010602535444,0.966725382330042,3.8022704461553,1.93432596477379,2.81629406213438,1.42663430728038,3.88865190872203,2.38605057420894
16,2.01349467764603,1.13757436188169,3.08617519820244,1.40999756894104,2.71739115481746,0.96648895725368,3.79839117868943,1.93148059623026,2.81412025236532,1.42623309275914,3.88626904378789,2.38331173315845
17,2.00996993751966,1.13682371510723,3.07878242914467,1.40719903937217,2.71471804169043,0.966217590263951,3.79399303573245,1.92871058813547,2.81205275233252,1.42580151329898,3.883616620181,2.38029789871584
18,2.00632749463064,1.13594568985305,3.07112335918252,1.40462741969794,2.71191946371612,0.965583395711944,3.78933458755954,1.92630074851134,2.80970280978594,1.42518367093093,3.88040596164229,2.37728108493589
19,2.00246281662174,1.13466808207702,3.06330523392365,1.40172869068892,2.70874530142951,0.96450040639673,3.78539042602576,1.9235640348843,2.80731066517054,1.42440026855046,3.87705637065456,2.37444305313529
20,1.99872393048888,1.13318671286458,3.05555721358431,1.39876587428762,2.70559619421536,0.963217138676705,3.78115476123232,1.92047855235105,2.80498031970664,1.42371288327654,3.87413589515664,2.37183829861562
21,1.99534561520127,1.13119763774376,3.04795513835067,1.39535162607325,2.70288580699047,0.961847727042778,3.77664320588,1.91795404568136,2.80284229624236,1.42297607419583,3.87116488922849,2.36904418086454
22,1.99122397725684,1.12916115360339,3.03974023352001,1.39205413085178,2.70024177167144,0.960405443576429,3.77210109348711,1.91548216484126,2.80074689228443,1.42223753266348,3.86817433355599,2.36604840793773
23,1.98701641891412,1.12702677847887,3.03163167357834,1.38848543586416,2.69770297854006,0.959157727656579,3.76779388887661,1.91270149245977,2.79883127276753,1.42125172079954,3.86526500730536,2.36321854214338
24,1.98256547152405,1.12519027351144,3.02334738524066,1.38527364791455,2.69525285927444,0.958013834871347,3.76377598681729,1.9099226238928,2.79694327529215,1.41991097831232,3.86240461874845,2.36066349082687
25,1.97859618116484,1.1234337339321,3.01538537685572,1.38221786516156,2.69285039676023,0.956612050062865,3.75941023499001,1.90716507434961,2.79487118192818,1.41853453067769,3.85939827311583,2.35766865945546
26,1.97426308319473,1.12165608050104,3.00721574367781,1.37912337767982,2.69001640698724,0.955150674673757,3.75504688004842,1.90454463596241,2.79260311436909,1.41722434419257,3.85631613926475,2.3547222720382
27,1.96998837537805,1.11975562739655,2.99916935319383,1.37589900508732,2.68737317342847,0.953674197517024,3.75079632041436,1.90191310015222,2.79040417556546,1.41592442051013,3.85347575625809,2.35195948273351
28,1.9653985114046,1.11795032321487,2.99074429955888,1.37275152574484,2.68485593659879,0.952048014374831,3.74655080148833,1.8990250138404,2.7879760211706,1.41462986412354,3.85063220453624,2.3489883886318
29,1.96095952603314,1.11600717528411,2.98233622910669,1.3694850130718,2.68256811936881,0.950448625183852,3.74229129748314,1.8962961380051,2.78579427322609,1.41337159095356,3.84789963549053,2.34626981746758
30,1.95688251730911,1.11393732898782,2.97400822016742,1.36617957201763,2.68010932656953,0.949025811092359,3.73792889192375,1.89384152931863,2.78364802736688,1.41234176436997,3.84529184679924,2.34351059582176
31,1.95283869714718,1.11189966300363,2.96557363993995,1.36281674011104,2.67787231895555,0.947474763938687,3.73361453601203,1.8910759442916,2.78170868358859,1.41120137441912,3.84244616008597,2.34069702302142
32,1.94858835954584,1.10987772495292,2.95696344966807,1.35964564941214,2.67568851392158,0.946019328359841,3.72950751515257,1.88830832159498,2.77959161972099,1.41005295257978,3.83981812683032,2.33798318994933
33,1.94435160346709,1.108027739732,2.94839236031505,1.35647069511502,2.67338403829478,0.944606565773009,3.72534280268601,1.88581707896762,2.77752630938363,1.4088488025657,3.83713832846486,2.33512276074486
34,1.94003091173676,1.1060914244384,2.93968478923363,1.3533175701748,2.67109794331936,0.943071143103094,3.72091321767985,1.88343426900782,2.77534960575288,1.40753254278822,3.83449778879072,2.33230789236664
35,1.93561026571699,1.10418488353306,2.93072390233839,1.35017680338261,2.66856226372423,0.941399442807626,3.7165579225385,1.88096874513826,2.77332446523256,1.40633125251918,3.83212405098834,2.32952787366962
36,1.9314082410738,1.10224105197649,2.92197080000551,1.34695431415753,2.66632444979145,0.939803703424711,3.71235418719941,1.87844978373277,2.77133767613021,1.40508315791297,3.8297202602637,2.32684581573424
37,1.92729094121512,1.10022075256826,2.91327538708685,1.34369237071967,2.66425642388111,0.938236883894091,3.70814093611321,1.87599475006521,2.76941691526474,1.40382845865954,3.82737821183645,2.32421835930684
38,1.92289588872049,1.09810549652979,2.90426149306848,1.34046382251959,2.66211146382094,0.936731203982659,3.70410300294306,1.87358256218802,2.76767914563564,1.40243427971226,3.82506599901206,2.32171462538464
39,1.918297639507,1.09584216678997,2.8950781151682,1.33715625099755,2.65992102342886,0.935315167539709,3.70008676096625,1.87095890536236,2.76609602491431,1.40098098781832,3.82262410909379,2.31900689644645
40,1.91375541112592,1.09343458117046,2.88594472370342,1.33378156785018,2.65780174299479,0.933790173193288,3.69594739115324,1.86851179947907,2.76436227958175,1.3997745431752,3.81991760291512,2.31623887565668
41,1.90918146096488,1.0911608015503,2.87672424261858,1.33047288493621,2.65562774796788,0.932227509611018,3.69177073397083,1.86605139071142,2.76271188112309,1.39855338621433,3.81740028311214,2.31365073207655
42,1.90443261216328,1.0889508959977,2.86731673061326,1.32725556192498,2.65339203207414,0.930662921403905,3.68783291790064,1.86354096404078,2.76108690791576,1.39720577134773,3.81493186124826,2.31113286393245
43,1.89970963804129,1.08675596777941,2.85798061041795,1.32391328340426,2.65132352760249,0.929060127481769,3.68379832724262,1.86109961433246,2.75937082408974,1.39576354941827,3.81242367837822,2.30844783544454
44,1.89503924325626,1.08452184338428,2.84864146381858,1.32053467060398,2.64933164052648,0.927461624557109,3.67956331105169,1.85853901972225,2.75763326566105,1.39426166648173,3.80993412713926,2.30588014725404
45,1.89046239540345,1.08234254659015,2.83941936409276,1.31712048427363,2.64736421298418,0.925817983561528,3.67527325072378,1.85602108601522,2.75596905718549,1.39274807438793,3.80734175062112,2.30335163020312
46,1.88613171781318,1.08007799912452,2.8303303968026,1.31371737972012,2.64532117937132,0.924385354163256,3.67113691437157,1.85361013757743,2.75424425876763,1.39131019323875,3.80481885531661,2.30083041913453
47,1.88158425836561,1.07786200564297,2.82099305443401,1.31034954378256,2.64335609602757,0.922935804271019,3.66706105704087,1.85124653305046,2.75254882521749,1.39001453597839,3.80228273925076,2.29825445007549
48,1.87682788113546,1.07566448046039,2.81147775090889,1.30697648252247,2.6413005423772,0.921349305288103,3.66297231686546,1.84875058838794,2.75091816800457,1.38865739523721,3.79979520280743,2.29576819513577
49,1.87210186816646,1.0734406849151,2.80194977935654,1.30357285059071,2.6392195339149,0.919820736275881,3.65878632361439,1.84630836327051,2.74919432240811,1.38730282142698,3.79735849496358,2.29326472824792
50,1.86737781973268,1.07110929006233,2.79229312534642,1.30007048627015,2.63723843043429,0.918329795470466,3.65465196101903,1.84393801786741,2.74742165199546,1.385880897205,3.79493396065754,2.2905260787148
51,1.86254459898352,1.06877581680873,2.78256298806533,1.29659106567196,2.63531662805441,0.916916463055029,3.65055263123401,1.84148347629839,2.74561446991207,1.38451574470528,3.79251010730755,2.2879139655812
52,1.8576806442383,1.06636306794009,2.77287969144465,1.2930502666873,2.63347099846162,0.915521710784773,3.6464322510927,1.83900433536725,2.74383420992207,1.38314480721792,3.78998617073621,2.28525246409804
53,1.85283510844307,1.06393404883315,2.76318003720009,1.28953413539057,2.63157260422317,0.914038967151738,3.64232220146664,1.83666371105543,2.74211562550198,1.38178536388279,3.78757621145968,2.28250611651705
54,1.84797235730985,1.06152981249656,2.75344259257537,1.28611420488662,2.62960070222905,0.912502262629081,3.63824760079321,1.83446221234313,2.74032444984567,1.38046919301723,3.78508458345987,2.27977798321467
55,1.84317978977161,1.05913723316955,2.74369921493757,1.28269867613044,2.62773626017073,0.910891206597445,3.63411655935209,1.83226827229747,2.73864436255624,1.37908588421879,3.78245039217902,2.27703569973495
56,1.83840365212873,1.05674540552987,2.73407058542901,1.27926091458198,2.62601078801437,0.909370192760215,3.62989261189854,1.83000721566409,2.73697784189946,1.37778275030143,3.77997970813689,2.27433351157858
57,1.83353009727304,1.05447709615855,2.72426639655093,1.27591348997316,2.6241921009582,0.907741397298473,3.62573653695548,1.82766769786971,2.73532206836821,1.37651255763459,3.77759062934827,2.27164802222146
58,1.82854777715632,1.05208940382748,2.71436837462068,1.27244453226423,2.62240297145446,0.906196721922889,3.62153562787718,1.82539366077647,2.73366645561531,1.37522461221897,3.77507366700085,2.26908017850427
59,1.82359413321181,1.04976308659422,2.70443774283148,1.26901460723695,2.62053647725482,0.904635214307255,3.61730128310988,1.82315496584172,2.73204073701323,1.3739177978104,3.77239190495145,2.26653515406962
60,1.81864900236522,1.04753850806913,2.69454109983762,1.26564696062271,2.6186617089094,0.903159079841025,3.61309154048818,1.82089236165646,2.73034418881973,1.37256254294366,3.76987002424552,2.26386922305403
61,1.8137017006513,1.04537337404179,2.6846837159475,1.26231558806676,2.61662679156451,0.901711889585738,3.60904135417411,1.8186614612372,2.72865208676456,1.37128184011988,3.76741359098929,2.26129674579241
62,1.80873726224375,1.04319009740051,2.67480212585118,1.25897027246682,2.6145176407125,0.90027582558145,3.60502391636731,1.81660493460443,2.72692702576651,1.37004271843089,3.76495577555363,2.2587604804264
63,1.80381073315231,1.04091498710159,2.66489968619832,1.25561629873539,2.61251593339205,0.898800643073523,3.60087690853875,1.81439896922721,2.7252451983421,1.36886483596728,3.76241759724222,2.25621437789867
64,1.79891050084061,1.03863028666956,2.65497614485398,1.25217638486685,2.61050254861224,0.897371185018827,3.59684474375996,1.81218725087173,2.72361675424924,1.36769440606327,3.75984378648097,2.2536616019533
65,1.79398691901951,1.03627784242936,2.64499500429422,1.24870533143178,2.6084516764106,0.895923965908612,3.59282840313001,1.80999529471932,2.72197435086422,1.36644399899261,3.75736667724361,2.25109638950128
66,1.78908738172751,1.0339237040176,2.63511997229673,1.24519078535506,2.60650302827648,0.894437851938102,3.5887620529384,1.80779230132,2.72038627534921,1.36514530512342,3.75492882525496,2.24851033593644
67,1.78416356442105,1.0315695740971,2.62521337390322,1.2417241938153,2.60452634239603,0.892930087525395,3.58464797832233,1.80551172174978,2.71877818755119,1.36379267918522,3.75243603740567,2.245905227077
68,1.77927232058782,1.0291534007728,2.6154043790902,1.23824343512967,2.60268589980871,0.89146249152212,3.58062850901129,1.80325784746135,2.71713506511746,1.36246333233787,3.75003980746389,2.24336642211969
69,1.77445463593487,1.02675452542353,2.605609045399,1.23478427938328,2.60077025873618,0.889983669668726,3.57657201879995,1.80107724420832,2.71541035095118,1.36113453519118,3.74763365670365,2.24079746755543
70,1.76967624932145,1.02435606794313,2.59576982001051,1.23130604420079,2.59891188002623,0.888506847330469,3.5724715521463,1.79888645385158,2.71369637588626,1.35985880413675,3.74520794564318,2.23826634379437
71,1.76484992304114,1.02198861065567,2.58590201807869,1.22786517552546,2.59706506673935,0.887049256867866,3.56838203427137,1.79667546330273,2.71207430351384,1.35860933395588,3.74272611410691,2.23576330314864
72,1.76004207571084,1.019568252748,2.57606256973211,1.22440673693011,2.59518488366554,0.885564833738356,3.56433298763303,1.79441499172379,2.7103747726467,1.35744874031588,3.74016582154643,2.23319905388619
73,1.75513428409565,1.01715581977813,2.56609243518481,1.22089890660959,2.59326673211608,0.884024611396068,3.56022383985493,1.79216592521938,2.70864799682125,1.35633198714762,3.73761276703775,2.23052572022514
74,1.75002292029692,1.01479522197208,2.55592922901875,1.21745857598288,2.59144635248744,0.882503105677606,3.55613936621967,1.79001094425045,2.70699681351971,1.35520611946921,3.73506492301258,2.22791430094478
75,1.74499314186376,1.01241906300067,2.54584790968331,1.21397842158377,2.58971290570126,0.881097892688167,3.55194079001709,1.78786681981793,2.70532424498053,1.35402920647602,3.73255138730519,2.22525286994989
76,1.73991278651413,1.0099613388859,2.53577729786537,1.21049166736842,2.58802059632291,0.879662159938295,3.54764085269927,1.78571492344713,2.70365232643628,1.35281783158626,3.73008422952759,2.22267091971145
77,1.73485207997961,1.00745176569551,2.5257100570507,1.20692915382019,2.58635097600632,0.878223819636303,3.54338301171295,1.78364682579101,2.7020894830573,1.3516700016243,3.72756913858154,2.22009638071345
78,1.72988901108288,1.00498165484723,2.51577433460218,1.20334786022677,2.58479627794341,0.876837977691375,3.53919412941305,1.78153779098584,2.70054264795233,1.3505264344697,3.72490302943645,2.21744564905444
79,1.72497211008678,1.00253093129541,2.50591468685753,1.19981213388162,2.58317865134305,0.87545035165054,3.53498005855348,1.77932981348244,2.69898358980245,1.3493566041849,3.72215645170332,2.21479912947193
80,1.72003973058008,1.00009042131428,2.49608488400367,1.19631676542699,2.58159157490189,0.874081158214239,3.53070074144027,1.77710834974466,2.69743492354469,1.34814295810598,3.7194454327856,2.21215753111314
81,1.71510928101008,0.997638703357769,2.48623789202813,1.19283457308398,2.58000361460411,0.872679217546392,3.52644266572874,1.77499922093061,2.69582761466868,1.34694328921476,3.7166445430594,2.20952094719829
82,1.71017753559845,0.995124075242312,2.47635308696714,1.18932726588751,2.57827670135421,0.871202324449398,3.52214549167057,1.77276504028156,2.69425266789997,1.34583458974285,3.71387929794205,2.20688808134667
83,1.70516749331282,0.99263025679523,2.46644504408349,1.1858138763724,2.57648093097661,0.869730389534078,3.51790827054983,1.770593885703,2.69265320492298,1.34466288605924,3.71125439059583,2.20431193327733
84,1.70015667175474,0.990199091265238,2.45657252826431,1.1823223143036,2.57473872745865,0.868259377610258,3.51370286750705,1.76843451011344,2.69110265012485,1.34354167622489,3.70861910071111,2.20177030214217
85,1.69515257385482,0.987819094683626,2.44669217906968,1.17892260611551,2.57310228696808,0.866808114253388,3.50938637487302,1.76620399539125,2.68957440310391,1.3424585958965,3.70583136647109,2.1991916987482
86,1.69013958793283,0.98543499375511,2.43687118294459,1.17547453018881,2.57136093622402,0.865323940289829,3.50493212876423,1.76394807956321,2.68815092592375,1.34131748747997,3.70295226298998,2.19664905657605
87,1.68513894159028,0.983112736228436,2.42708142564515,1.17207812262497,2.56960859783813,0.863911413226952,3.50050975449502,1.76166044363573,2.68674309558968,1.34021277753598,3.7000757697758,2.19416220302824
88,1.6800595673287,0.980792885141203,2.41727240770463,1.16863862399436,2.56782206489302,0.862551557839373,3.49594769568968,1.75941503452875,2.68533258571357,1.33908993650893,3.69731340234228,2.19165804448108
89,1.67509807814815,0.978504124337028,2.40760496562771,1.16523838175855,2.56610087841091,0.861214527921652,3.49141171923625,1.75714991796833,2.68398423074924,1.33800639518135,3.69442622001992,2.18914515971587
90,1.67008295178755,0.976241220334718,2.39798093672721,1.16185731841299,2.56430345664928,0.859848967546922,3.48690878566786,1.75495883865021,2.6825439363942,1.33691787823444,3.69150108358418,2.18669797114386
91,1.66517259070401,0.973950837074074,2.38842331104361,1.15847575383221,2.56252781635514,0.858398151149808,3.48247293998487,1.75276353167958,2.68103857242849,1.33586020124253,3.68854390650589,2.18425186433875
92,1.66031770937024,0.971690958082684,2.37896229595426,1.15512114417811,2.56066429582879,0.856952376171831,3.47801170684785,1.75054053577397,2.67947751113369,1.33483557420749,3.68548579996231,2.18176470659234
93,1.65548019329247,0.969369721619277,2.36957460274342,1.15173827412558,2.55880127920935,0.855490337116045,3.47352112446356,1.74837762616068,2.67786460321781,1.3337556976242,3.68238415240005,2.17937678087137
94,1.65064634334629,0.96707173426173,2.36022860703011,1.14838057398793,2.55701914884656,0.854099370537255,3.46907891045238,1.74618558416035,2.67616647416617,1.33266874112104,3.67929242644947,2.17695099330919
95,1.64579407664134,0.964794611792312,2.35087439754547,1.14505438263106,2.55526724276663,0.852690956257493,3.46467906831028,1.74402682041732,2.67445820231895,1.33162234121922,3.67619110233287,2.17450897166727
96,1.64099648957708,0.962467459191477,2.34161327763698,1.14172519997103,2.55358506333698,0.851288457660216,3.4601967057597,1.74187854288304,2.67280271681455,1.3305464704262,3.67301240206417,2.17212407109851
97,1.63616073452639,0.960157632898356,2.33224982105702,1.13842912596966,2.5518819976974,0.8499173596658,3.45560991851227,1.73967142039648,2.67119872302402,1.32947402225554,3.66986782240304,2.16971846258101
98,1.6312940350536,0.957857839087872,2.3229665065891,1.13510317101647,2.55007155899098,0.848586219756618,3.45101573536047,1.7375808815143,2.6695151579561,1.32844133725301,3.66672575804609,2.16730165595746
99,1.62640094238695,0.955518587217752,2.31371067259384,1.13175779300452,2.54825226828321,0.847243372846107,3.44636238183867,1.73552563082998,2.66781742871671,1.32737928309578,3.66361561732235,2.16499049359645
100,1.62155098121149,0.953204273437563,2.30449614425132,1.12841756857703,2.54653611935855,0.845888944594991,3.44168669193745,1.73345366759464,2.66617400613438,1.32629032677625,3.6604886163602,2.16267971413552
101,1.61663029420903,0.950903286668252,2.29522208152162,1.12511107878765,2.54484855197573,0.844590280653547,3.43702617180826,1.73147319426424,2.66454377886876,1.32530625527364,3.65721574560532,2.16034517700694
102,1.61178763672104,0.948591882136075,2.28597930201306,1.12176893849164,2.54314405766114,0.843271786894747,3.43237293197494,1.72954357860963,2.66285540159966,1.32433027965364,3.65388436316863,2.15805471947278
103,1.60700886489478,0.946283053532947,2.27686118196556,1.11842308321191,2.54143961849325,0.841965429353972,3.42774072967557,1.72759670735551,2.66110382260913,1.32333195481708,3.65065423893715,2.15577432398396
104,1.6021912615444,0.943916494236547,2.26771188086277,1.11506600006759,2.53971384702196,0.840676639681077,3.423104240437,1.72562653402022,2.65943640943954,1.3223472271504,3.64740324334673,2.15344158684349
105,1.59741006601329,0.941609909545038,2.25861728904513,1.11173432396996,2.53795895883971,0.83932893404562,3.41843062906785,1.72365125243702,2.65778168773493,1.32139212750265,3.64406790487898,2.15110553644001
106,1.59266671429754,0.939274997144053,2.249542926736,1.1084252462994,2.53620466003923,0.838060697138143,3.41379078566847,1.72163258327315,2.65612342814215,1.32043130803609,3.64077158900807,2.14878733434646
107,1.58788201313326,0.936965805726979,2.24054012503816,1.10511306440775,2.53449932776565,0.83683234390399,3.40913146120917,1.71965033581888,2.65442596723065,1.31949276766406,3.6374571452777,2.14655261370457
108,1.58317314196277,0.934613953394432,2.23159215187489,1.10176019414023,2.53277391855214,0.835496547265335,3.40445337220411,1.7177037477396,2.65275001449172,1.31854505110324,3.63410950315467,2.14426519612667
109,1.57843977704482,0.932261591822814,2.22265327092848,1.09844454107383,2.53113300877019,0.834235159631991,3.39971389874128,1.71577657550152,2.65109527891621,1.31760249212242,3.63070923362694,2.14195586032667
110,1.57370483421629,0.929903465613698,2.21371830005779,1.09512894630393,2.52953454429849,0.833029776771461,3.394999672794,1.71384439208281,2.64942087325847,1.31669013948033,3.62741906543614,2.1396554458658
111,1.56890552618207,0.927588566825048,2.20479287646814,1.09185579658162,2.52789847280731,0.831823291810983,3.39025897974295,1.71193841408963,2.64773162965848,1.31573193513534,3.62412602700843,2.13733261205221
112,1.56409440289103,0.92526685163615,2.19584153289532,1.08858007592409,2.52628760132319,0.830622979900706,3.385479509087,1.70998782158581,2.64603254614509,1.31476711927621,3.62074488125804,2.13497831906337
113,1.55930552573022,0.922944862250704,2.18700560745083,1.08532399283165,2.52461271444113,0.829399606043563,3.38071276425052,1.70804188690219,2.644356381608,1.31378000434611,3.61732193619008,2.13268143552865
114,1.55456319706952,0.920620108675227,2.17827136474409,1.08207979254502,2.52288286678798,0.828109630090031,3.37582869384793,1.7061332189188,2.64269929063894,1.31282480949542,3.61400088301392,2.13036600228657
115,1.54983444657399,0.918339828312696,2.1696044858275,1.07885874336515,2.521228070905,0.826832020354928,3.37093870536164,1.70429856599328,2.64105964395962,1.31187200534408,3.61071958137105,2.12804833811939
116,1.54510235000676,0.916093754886548,2.16093020964343,1.07569824063675,2.51958376770161,0.825581902400747,3.36602508407048,1.70238804181275,2.63947528275347,1.3109410017281,3.60730901570273,2.12574635783987
117,1.54042751517713,0.913832553733878,2.15225980491218,1.07253543825482,2.51789189518801,0.824363068665342,3.36107734324918,1.70054437593292,2.63790886319364,1.30999925541176,3.60383356185702,2.12343585232118
118,1.5357950922269,0.911568105250689,2.14362810495957,1.06934951695915,2.51623718363167,0.823131465255549,3.35606422692613,1.6987497744392,2.63635156131705,1.30899105858566,3.60036046650891,2.12106669923596
119,1.53116965188815,0.909323419020369,2.13500678919644,1.06615992623001,2.51460732783738,0.821882593469694,3.35096008125186,1.6968946293644,2.63481700551412,1.3080127554557,3.59677836693639,2.11877042510678
120,1.52655315851799,0.90706831128137,2.12645340352302,1.0629681585858,2.51292493562256,0.820671799920402,3.34584890845033,1.69504873773608,2.63324352709564,1.30702170987266,3.59316221127634,2.11648661696541
121,1.52197164823549,0.904756349981388,2.11795218043805,1.05973931022513,2.51127613001304,0.819388796638328,3.34070308968774,1.69325217958247,2.63155070918159,1.30599456723547,3.58961201231443,2.11416637536586
122,1.5173316916712,0.902493104263752,2.10947639473269,1.05654322367574,2.5095571274112,0.818142167918292,3.33550393878259,1.69145958974724,2.62984882360159,1.30496191224005,3.58600435708217,2.11182287754058
123,1.51271112283055,0.900246835622494,2.10098813348803,1.05337801001277,2.50786415936892,0.816922691593478,3.33025726587591,1.68975730852665,2.62817515539528,1.30397351735145,3.58230863592212,2.10953536797184
124,1.50805404689541,0.897982751685266,2.09252229367189,1.05021349982723,2.50617057244739,0.815715021873487,3.32489918971123,1.6880467415103,2.62641104825788,1.30299970744594,3.578609360906,2.10723491772115
125,1.50332676353411,0.895760987893682,2.08411829242412,1.04708305868738,2.50443005067103,0.814506249325275,3.31952783660564,1.68635574490123,2.62462750508536,1.30206187646465,3.57493155876912,2.10491807594383
126,1.49864541782171,0.893544488647193,2.07577186936826,1.04394387082007,2.5027546514627,0.8133233144325,3.31411748685888,1.68461762526242,2.62284900441599,1.30112502949799,3.57130635740415,2.10266619545609
127,1.49401160469877,0.891335646384532,2.06746892396357,1.04086788762642,2.50109624415123,0.812161850884927,3.30870605752006,1.68285793893473,2.62110487900745,1.30022921227304,3.56760138322765,2.10038881053119
128,1.48944901511314,0.889101985803788,2.05927105509321,1.03776551143981,2.49940327048486,0.811021545057449,3.30334900525912,1.68114427928261,2.61934959990462,1.29935738072873,3.56382417881059,2.09812876881088
129,1.48492515480751,0.88686538587196,2.05109680937189,1.03468067448821,2.49774790565766,0.809914317677332,3.29789563972053,1.6794075922427,2.61750754692702,1.29842721613581,3.56009070635554,2.09581173275487
130,1.48043298515625,0.884663955554328,2.04300056837397,1.03162550373911,2.49608413093524,0.808726295951778,3.29244652468048,1.67762831848103,2.61569434749205,1.29752710890119,3.55639330281708,2.09353460265654
131,1.47592862051127,0.882445340761043,2.03491296396143,1.02856202795248,2.49445494097045,0.807531419318692,3.28689016674791,1.67582957745382,2.61390519421113,1.29660089118153,3.55247251292623,2.09122720534771
132,1.47145420853298,0.880220669207673,2.02686391724956,1.02550132328386,2.49275884788021,0.806338509660571,3.28129971244056,1.67402505876103,2.61209073862218,1.29570372149214,3.5484547139644,2.08896402409866
133,1.46706295538665,0.878002275171591,2.01887510995466,1.02245868132418,2.49109089507081,0.805160640596435,3.2757057186852,1.67219194791589,2.61028234171123,1.29479385022386,3.54463483427048,2.0866478930398
134,1.46266591731621,0.875834058183695,2.01089307128902,1.01945766066442,2.48945693799949,0.804005407849517,3.27008508377978,1.67040757878384,2.60848201678684,1.2938154681708,3.54086704807337,2.08431025807793
135,1.45826086198777,0.873692629562751,2.00298699201676,1.01644651732584,2.48774884297491,0.802851383406038,3.26444198014667,1.66863461356655,2.60667305217484,1.29283286056595,3.53688137305484,2.08198575461484
136,1.4538604244,0.871539087907052,1.99519626750571,1.01343343085426,2.48605260486343,0.801692969545132,3.25893493292957,1.66683601601075,2.60483423033683,1.29182330462982,3.53284439899132,2.07970652416924
137,1.44946138750321,0.869376074397852,1.98743266920645,1.01045107830351,2.48431873187995,0.800549966901702,3.25345525874667,1.66503092028222,2.60303830528471,1.29087999491957,3.52887882097777,2.07746670602104
138,1.4450979842361,0.867232538504962,1.97970600687404,1.00747781266465,2.48262734140323,0.799421941491545,3.24793345456269,1.6632667615199,2.60120327308582,1.28996640382582,3.52488357413696,2.07520984269771
139,1.44079912150046,0.865072658308649,1.97206847664626,1.00451112435501,2.48085535668756,0.798272172720657,3.24234898602934,1.6615063331483,2.59930793001575,1.2890310870981,3.52071258076326,2.07290470807493
140,1.43654460379533,0.862896806096792,1.96449046444149,1.00150451946843,2.47900729140367,0.797109704516077,3.23676590034384,1.65976988164313,2.59740589260219,1.28809745017523,3.51645939287502,2.07058611912541
141,1.43222523296635,0.860724056424236,1.95689329083746,0.998525851529324,2.47723334278685,0.795945271279632,3.23111235231594,1.65806081000926,2.59551752197003,1.28714069673959,3.5121949736348,2.06829564869469
142,1.42792007649445,0.858530531656704,1.94928033637903,0.995546359054532,2.47549108214083,0.794780534421558,3.22541610657706,1.65634725399197,2.59361701270933,1.28623167304824,3.50779796168628,2.06598956748537
143,1.42363649074628,0.856366829644925,1.94165809682761,0.992569815200482,2.4737202614314,0.793642037238984,3.21970967585194,1.6546766767762,2.59167669805093,1.28529060484852,3.50336364283917,2.06365872213548
144,1.41931065183293,0.854216268048651,1.93409880058089,0.989636140123658,2.47194447319961,0.792503860726943,3.21397821291207,1.65298608405325,2.58976082973601,1.28428685535937,3.4990162920838,2.06132862177807
145,1.41500394246398,0.852077607787915,1.92661234836383,0.986698662612642,2.47011797067035,0.791414714381126,3.20816744662234,1.65125622432757,2.58779413093042,1.28329304436634,3.49468833049599,2.05906026601249
146,1.41073155872978,0.849978155510306,1.91916657564055,0.98382579459012,2.46834272543394,0.790336304469762,3.20232027104994,1.64956351258105,2.58579733846259,1.28232350834175,3.49013370165262,2.05678821503813
147,1.40650653922798,0.847869291769383,1.91179631407414,0.980944323827114,2.46647388295475,0.789251757763804,3.19657988331984,1.64785222482607,2.58382946204321,1.2814000767068,3.48559993583536,2.05450394050344
148,1.40231422872414,0.845756153389505,1.90449831003133,0.978064028506996,2.46451642094751,0.788106319337848,3.19087254734186,1.64610036982369,2.58182913026004,1.2804577669459,3.48108854341017,2.05222827592268
149,1.39813029675824,0.843599930685596,1.89726880049134,0.975181012402956,2.4625938809971,0.786992239264582,3.18514988566023,1.64435653850732,2.57984137016838,1.27953388298251,3.47660300501721,2.04996167693758
150,1.39395607285129,0.841468986928571,1.89005140573945,0.972337406478713,2.46074105377916,0.785884161611913,3.17942112202405,1.64262315027169,2.57779311057024,1.27863686964385,3.47197851634121,2.04770151307858
151,1.3897566414912,0.839335293453643,1.88288296299288,0.969494511889084,2.45881928137575,0.784781664768846,3.17366848296438,1.64089354320728,2.57574567742704,1.27772871029282,3.46738530823305,2.04546058090925
152,1.38558659797445,0.837159849727863,1.8757895140745,0.966619423005213,2.45689486556168,0.783704879153728,3.16788890949183,1.63917238053764,2.57367449066724,1.27683425033495,3.4627972164878,2.04320288850834
153,1.3813701712179,0.834996735555072,1.86866198380378,0.963768205251533,2.4549439080334,0.782647648966182,3.16205354370218,1.6374171634804,2.57162910052698,1.27596092304226,3.45816269832147,2.04094061707827
154,1.37718450932495,0.832851535332751,1.86159665116964,0.960931599149782,2.45303728163566,0.781575156243198,3.15611052288979,1.63561590579776,2.56958842859777,1.27507767457889,3.4532559109955,2.0386659711764
155,1.37301628803924,0.830713878274301,1.85460782849123,0.958096626800962,2.45121601372039,0.78047423063166,3.15014165978844,1.6338691549341,2.56749802370148,1.27421303099224,3.44836917869257,2.0364031449507
156,1.36884965385434,0.828595510313177,1.84766425686645,0.955278890668259,2.44942600272313,0.779345860019045,3.14417981642012,1.63215239867944,2.56538974963222,1.27335150515722,3.44353035781295,2.03419103910897
157,1.36468690321272,0.826531301338779,1.8407662361769,0.952476040990022,2.44763475144859,0.778236389749643,3.13813101588272,1.63039322659738,2.56327669218157,1.27250542624205,3.43869656848372,2.03200804393397
158,1.36063965664627,0.824466660005977,1.83396966486335,0.949675635661249,2.44576737305662,0.777108296570939,3.13200253605539,1.62867202315925,2.5611858221478,1.27165374886955,3.43385001542933,2.02974817678214
159,1.3565686176585,0.822420502038542,1.82718177612909,0.946904395738269,2.44388099101958,0.776018646288064,3.12581923089989,1.62695303494592,2.55904621734952,1.2707806018572,3.42892235330092,2.02751069320559
160,1.35253070169452,0.820399968218901,1.82042212602273,0.94414857333358,2.44197707085027,0.774909009918526,3.11963087531666,1.62522036611993,2.55692500161736,1.26991704673329,3.42406214559377,2.02528878800936
161,1.34846097254446,0.818363188493153,1.81368463788754,0.941377923274711,2.44007412262416,0.773839363878454,3.11338842807738,1.62351893982482,2.5547886220079,1.26907953227019,3.41917178083088,2.02306451880051
162,1.34443563623257,0.816327229395656,1.80697332615966,0.938630797285849,2.43813053653469,0.772776784752806,3.10714223517827,1.62183474314742,2.55261608176988,1.26820757556368,3.4143055373169,2.02080706581581
163,1.34039484410038,0.814275193931388,1.80026286597525,0.935899192982247,2.43626043222781,0.771680222551859,3.10087290466189,1.6200996608521,2.55042127930904,1.26733997037606,3.40932469819896,2.0185416399036
164,1.33639336502934,0.812218437807433,1.79361230069796,0.933133072482212,2.43432081981106,0.770577793156639,3.0946240506234,1.61841066586397,2.54820837604061,1.26646694339969,3.40413380793109,2.01624265742017
165,1.33237651626713,0.810173423847784,1.78696817003485,0.93039557520066,2.43238114794179,0.769522763941419,3.08829767114829,1.61677191492931,2.54599140447149,1.26562178509213,3.39888887515096,2.01393506478424
166,1.32834664070539,0.808131947421705,1.78037611213287,0.927686224406051,2.43042122856707,0.768487764380134,3.08207481014771,1.61504974495566,2.54375635733519,1.26480413278482,3.39366478226968,2.01175229972842
167,1.32432258066779,0.806115902719492,1.77383770690215,0.925020797424333,2.42842606080248,0.767433095730146,3.07585566085614,1.61333002828207,2.54152694324515,1.26393802902348,3.38842774997286,2.00951343591838
168,1.32037105824635,0.804086488532493,1.7673824648602,0.922352298098476,2.42651047712365,0.766372737564731,3.06963914081626,1.611655642858,2.53938728994058,1.26305839964196,3.3830835567396,2.00725895090437
169,1.31644384995815,0.80209553914342,1.76103503176687,0.919725616722438,2.42449526929144,0.765320730284556,3.06344923221672,1.60993880096026,2.53724428954126,1.26220502249054,3.3775964664504,2.00506611997946
170,1.31253083782863,0.800109682372244,1.75472666185041,0.917086736943045,2.42241776048395,0.76428582476763,3.05732607510512,1.60823958410099,2.53512249339821,1.26131052032207,3.37207943032224,2.00284833011885
171,1.30862442457824,0.798141024200091,1.74847398928456,0.914451697174491,2.42047080702799,0.763242148106629,3.05107319418726,1.60655925289511,2.53307475222179,1.26041269708993,3.36642316273339,2.00065537876335
172,1.3047344033403,0.79618461208233,1.74221955233979,0.911823541585188,2.41847353587765,0.762198928885234,3.04483444421536,1.60486303455895,2.5309809346004,1.25949233998685,3.36060719952571,1.99846593139658
173,1.30088298128707,0.794235516634862,1.73597933368594,0.909211467337639,2.41644382738351,0.76114223567554,3.03846435842666,1.60317961229303,2.52896214498751,1.25854813070125,3.35479533135452,1.99632202601659
174,1.29705811858519,0.792298167413663,1.72983901235167,0.906632133992797,2.41437466364204,0.760103510207162,3.03217671734,1.60151518494899,2.52690758469154,1.25763152933563,3.34904481301854,1.99414967547089
175,1.29323229485166,0.790348672201723,1.72370898171085,0.904036919249255,2.41233540763094,0.759056442117669,3.02588924359263,1.59982002798008,2.52486144187541,1.25673630799087,3.34313528440185,1.99200327104205
176,1.28945116457253,0.78840209213204,1.71765810656702,0.901464394932195,2.41028470538269,0.758051892108639,3.01942557788901,1.59815909699412,2.5228193880888,1.25583368493424,3.33715320722393,1.98984692872662
177,1.28570237434771,0.786453643418876,1.71168951562944,0.898909442179646,2.4082655905106,0.757044762893066,3.01299976523377,1.59649616337186,2.52073681068785,1.2549610006527,3.33110616452574,1.98767113081492
178,1.28195309837731,0.784517498018448,1.7056810115027,0.896356095342455,2.40630007011044,0.756041471632073,3.00656384749549,1.59480020173051,2.51861256243892,1.25407891427719,3.32500499623917,1.98552810174172
179,1.2782305241412,0.782581760003708,1.69973962175265,0.893801074209235,2.40443244638722,0.755000017696754,3.0002337586082,1.59310364725258,2.5164889951507,1.25321674470522,3.31896287783231,1.98339107049404
180,1.27454993250142,0.780654307705932,1.69382378336498,0.89126368991973,2.40253423325377,0.753964648017167,2.99378522658926,1.59141293440814,2.51436993495642,1.25235490456546,3.31274835739797,1.98127334598223
181,1.27091197543415,0.778742970694806,1.68792712012553,0.888756074551274,2.40047041238332,0.752950751655453,2.98730219832151,1.58979997527309,2.51226066909302,1.25152014371168,3.3063714177851,1.97914144853413
182,1.26723942572621,0.776845078162026,1.68205326517177,0.88626365580734,2.39837336751362,0.751940221235154,2.98081024012382,1.58817428442433,2.51001519073791,1.25067679628263,3.30001932071578,1.97695205651877
183,1.26358151270947,0.774951915805269,1.67620906656116,0.883781006585134,2.39636028469018,0.750934466999881,2.97435368390126,1.58654287337588,2.50783069141923,1.24983074917093,3.2936351411158,1.97477669908319
184,1.25990214750822,0.773085544235498,1.6703550207436,0.881325282973099,2.39427704287692,0.749948999555622,2.96785662891829,1.58486801430516,2.50567636543447,1.24900549630352,3.28725347961947,1.97260468111204
185,1.25623536435732,0.771215521987534,1.66453147578465,0.878861491167518,2.39218162026236,0.748980977756473,2.96143446966844,1.58324421424481,2.50350535722485,1.24816315752657,3.28088810695051,1.9704489219724
186,1.252599773595,0.769300087285387,1.65875618586911,0.876355628966888,2.39014336288636,0.748002742684639,2.95491676769949,1.58168564982764,2.50135417998406,1.24737228740805,3.27441125548002,1.96823002651879
187,1.24901964267459,0.767394353112768,1.65302608657261,0.8738761589865,2.38804689222485,0.747034450888296,2.94845430507772,1.58006217473401,2.49923658156983,1.2466197953236,3.26802547106111,1.96600892954685
188,1.24544393906531,0.765492724390911,1.64734669500635,0.871413372470857,2.38591660206674,0.7460408805765,2.94197040306103,1.57842359600986,2.49697446101737,1.24583853091501,3.26141553727004,1.96379512472913
189,1.24189400379545,0.76359516308965,1.64170949028572,0.868965544788477,2.38377243732526,0.745056963886149,2.93551990080236,1.57686017653325,2.49472283020349,1.24502050471606,3.25475746271565,1.96156032577572
190,1.23837057144818,0.761705152167058,1.63609411416009,0.866536427782883,2.38161081066681,0.744070289575459,2.92895282735731,1.57530833610545,2.49244147402027,1.24416259759351,3.24814260329244,1.9593549359279
191,1.2348818110303,0.759839745193171,1.63050181080249,0.864108394052359,2.37934067506635,0.743102980069804,2.92242333571152,1.57370735253269,2.49019102382727,1.24329496655492,3.24149475338887,1.95714455014548
192,1.23138490714167,0.757965052774262,1.62492597289309,0.861676901409023,2.37692658537382,0.742133191248664,2.91585438206035,1.57207774548456,2.48795489471244,1.24246416479053,3.23477038767217,1.95494878599593
193,1.22789867483165,0.756101298989016,1.61938735820863,0.859255068439676,2.37454890363506,0.741177923373727,2.90917160845736,1.57046033363483,2.4856740845757,1.24163515409092,3.22804972548203,1.95275292571618
194,1.22444089013265,0.754260883561443,1.61385584510134,0.856851730690506,2.37225736964029,0.740230814244863,2.90243917385575,1.56884262429382,2.48350599931378,1.24079276103139,3.22121442326081,1.95052057978712
195,1.22098469047182,0.752426584838362,1.60828800098904,0.854461652393727,2.3699665309026,0.739281093489754,2.89584360950143,1.56727569959148,2.48123681984125,1.23996362264394,3.2143193726622,1.94828704445997
196,1.21755854795295,0.750595379865951,1.6027535883693,0.852072241389628,2.36757661611778,0.738344974552399,2.88916736853408,1.56569858166164,2.47903538455325,1.23912111678534,3.20726863357132,1.9460897772857
197,1.21412370038257,0.748770870560789,1.59724404306116,0.849723090706637,2.36517715360548,0.737408095137953,2.88246232479516,1.56412574204273,2.47682290964056,1.23829865877511,3.20024170769312,1.94384262748875
198,1.21071329327993,0.746960252267223,1.59180221617886,0.847378834098846,2.36278221733126,0.736485462074071,2.87582331969707,1.56258350028944,2.47460059720448,1.23748358160549,3.19315784610104,1.94160549325958
199,1.20733739333544,0.745166024978798,1.58635576967765,0.845050430961246,2.3603773317529,0.735544841525926,2.86909889617707,1.56102549752916,2.4723563770858,1.23667902195596,3.1859781297482,1.93938145843715
200,1.2039975534178,0.743381265123763,1.58097170923975,0.842739621650532,2.35788944075049,0.734588401043944,2.86227963567732,1.55944149034643,2.47004864421094,1.23589404291039,3.17870188912998,1.93707795008917
201,1.2006723544261,0.741611747621725,1.57563205109842,0.840449468823654,2.35537424051773,0.733654509964881,2.85554123958749,1.55792102230756,2.46767835834383,1.23508360450187,3.17148855524689,1.93483271241503
202,1.19737237888679,0.739850025238777,1.57037708928935,0.838174194367672,2.35290279554153,0.73271371289619,2.84882904155442,1.55638805494075,2.46534515366944,1.23425431079882,3.16440817670064,1.93256895424998
203,1.19408897027772,0.738084759992785,1.56516960240378,0.835881411347315,2.35042972754587,0.73177906543953,2.84206831314773,1.55483496118832,2.46294384587776,1.23341747534848,3.1571745702986,1.93029430289478
204,1.19080035000962,0.736335235886865,1.55998613156809,0.833604992251085,2.34802269833907,0.73085659880438,2.83528785190041,1.55328290294486,2.46055212721619,1.23256595793983,3.14978530113014,1.92804475494455
205,1.18752358825699,0.734603633311765,1.55483510331398,0.83133945955129,2.3455748488888,0.729928968748081,2.82855685013626,1.55176339664627,2.45814650696689,1.23170417125862,3.14250208388965,1.92574547868167
206,1.18428196277795,0.732863129148267,1.54972509641178,0.829075005166053,2.34316213832904,0.728994436403896,2.82186604151635,1.55020844493186,2.45569996422428,1.23087961921332,3.13513428390208,1.92345146775042
207,1.18105973329778,0.731133889164339,1.54465623527973,0.826836889324653,2.34073064296091,0.728081875446716,2.81529757717562,1.54865843084581,2.45333723687347,1.23009585431264,3.12757909011808,1.92116333619749
208,1.17784357255514,0.729401643638005,1.53957276468337,0.82460488593057,2.33835720136505,0.727165581926017,2.80868793693952,1.54710393631639,2.45089684721332,1.22931259990754,3.1201415433309,1.91888796884255
209,1.17465480233309,0.727664929107503,1.53455465243197,0.822386206567421,2.3360036339949,0.726263911384556,2.80199962268054,1.54558750438847,2.44857344411463,1.22851732656239,3.11277857622145,1.91662046041683
210,1.17148171332765,0.725939257850596,1.52955149949113,0.820184005395065,2.33362376339046,0.725363923178552,2.79535496945953,1.54403865437983,2.4462424606145,1.22772054020547,3.10518851634734,1.91433121119235
211,1.16829897699664,0.724215323268957,1.52457043901987,0.81799471422863,2.33132581552437,0.724493184124805,2.78868609308172,1.54244607561793,2.44387124846768,1.22690642083372,3.09750581768096,1.91202090501443
212,1.16513424674454,0.722526893519018,1.51960302869158,0.81583500852447,2.32896354760633,0.723623608649921,2.78209376866536,1.54085264579047,2.44141434781376,1.22607498693342,3.09001145523423,1.90975746882867
213,1.16199816606678,0.720847958733648,1.51465997678401,0.813693625910561,2.32660840672069,0.722717419654366,2.77553600025385,1.53927627023931,2.438955909562,1.2252573648417,3.08256958565357,1.90747464329446
214,1.1588620704718,0.719171493277897,1.50974820854061,0.811575351003152,2.32427948177001,0.721824039333543,2.76890961519535,1.53771852956133,2.4364509205755,1.22444666627516,3.07510860962831,1.90515625051465
215,1.15573462622905,0.717526397691261,1.50487010559696,0.809474130015206,2.32187216480276,0.7209319786719,2.76228902047982,1.53615088300154,2.43398613640782,1.22363248459256,3.06783843319008,1.90283084569924
216,1.15263584562078,0.715887067371371,1.50003520766549,0.807388474071862,2.31941747698252,0.72006466874972,2.75562828748421,1.53457370274782,2.4314650904977,1.2228181717523,3.06066013503866,1.90055539625421
217,1.14955835427492,0.714242647863483,1.49520135769608,0.805312191312274,2.31701790751199,0.71918379672948,2.74902559185124,1.5329784074588,2.42901087757349,1.22201400332585,3.05329308661283,1.89826041511026
218,1.1464793807157,0.712593113772647,1.49037394051083,0.803245799171427,2.31462682960862,0.718307727630183,2.74248321608391,1.53137243120387,2.42653173275586,1.22116301448707,3.04590536444259,1.89598695542932
219,1.14341241039761,0.710941942517073,1.48562787579669,0.80118608440762,2.31211878600448,0.717404534949195,2.73594331108094,1.52977247356743,2.42410886905143,1.22033426104932,3.03851974136681,1.89372279021218
220,1.14034229511757,0.709315428992981,1.48093796753121,0.799142183634056,2.30960785018716,0.716524847576747,2.72937150056856,1.52820139148526,2.42167941443258,1.21953054403704,3.03130949951753,1.89143272532477
221,1.13729643369484,0.707708858174911,1.47627723842594,0.797110621947162,2.30705416820671,0.715637774091138,2.72284528877932,1.52664295066454,2.4192016655612,1.21871321198364,3.02425511098308,1.88914637583538
222,1.13422331187354,0.706095745045167,1.4716142144491,0.795070204024134,2.30443959554403,0.714752663057617,2.71637697368445,1.52507368023793,2.41672627642306,1.21788864047736,3.01708680360906,1.88690013089214
223,1.13116471686243,0.704471841907394,1.46695604689492,0.793028761189848,2.30189207944034,0.713901371414709,2.70986727515373,1.52351212671697,2.41421788060839,1.21702106013761,3.00985728724327,1.88459446728199
224,1.12813424443356,0.702862855327204,1.4623353339032,0.79100977095535,2.29919048295509,0.713020009779966,2.70337301832043,1.52200288900746,2.41167074628402,1.2161729198187,3.002665620953,1.88229327109258
225,1.12512068564886,0.701265722602369,1.45774137318023,0.789012151007503,2.29653629617692,0.712124047255185,2.69691878069858,1.52048913921511,2.40904552050636,1.21532267482925,2.99528077641673,1.87997551238883
226,1.12212963376279,0.699681030767519,1.45317952759789,0.787012870362497,2.29397893363728,0.711230032804399,2.69039994170355,1.51903297947793,2.40635109799397,1.21446745383155,2.98783105561149,1.87766176031998
227,1.11917156205515,0.698130548440558,1.44868910880342,0.785046388639929,2.29140242670192,0.710353136181706,2.68401706681693,1.51751877739721,2.40375220554741,1.21361011719787,2.98033760412669,1.87536385048232
228,1.11621496035973,0.696581547194848,1.44424121577009,0.783070643469654,2.28882638268516,0.709486892245375,2.67763807332377,1.5159643511299,2.40106387497447,1.21278988701575,2.97302036244501,1.87306233958122
229,1.11327145532783,0.695027905275333,1.43980753965291,0.781109169219911,2.28627492686135,0.708614853137583,2.67134684284847,1.51442696526169,2.39826008036599,1.21197225179804,2.96568914895561,1.87074128477074
230,1.11035804203508,0.69347504924943,1.43538952734102,0.779139239737239,2.28368191540922,0.707769405512101,2.66514074813141,1.51289069323471,2.39543590309971,1.21114499248499,2.95831695469107,1.86842568367991
231,1.10748261327661,0.691922575810229,1.43098663384894,0.777190718769871,2.2810478418378,0.706935963378583,2.65895473245395,1.51131735238381,2.39255718436727,1.21031724888105,2.95098799879244,1.86615719997673
232,1.10462054076632,0.690388715845785,1.4266148052025,0.775252563992505,2.27840140514708,0.706077994442087,2.65287604126986,1.50977886778996,2.38964980438667,1.20950769918242,2.94359295212088,1.86383067483277
233,1.10179897753799,0.688852201672487,1.42226109044041,0.773320748196174,2.27574651238234,0.705222552319962,2.64690581076296,1.50828590967416,2.38665303040271,1.20871159093277,2.93607499642973,1.86148915788984
234,1.09896186263286,0.687306871933421,1.41794640633051,0.771372661036695,2.27303623292743,0.704376741822195,2.64089678775786,1.50670312460909,2.3837028642003,1.20790063755536,2.92870281027381,1.85916347558778
235,1.09611738209377,0.685771837148791,1.41364371003698,0.769437350625973,2.27031895454042,0.703521689805888,2.63501833886656,1.50515587070115,2.38075756777701,1.20707073933777,2.92141790677238,1.85681609427821
236,1.09326726053245,0.684255351413664,1.40934298000054,0.767522695165911,2.26767517610803,0.702695734590748,2.62903908780497,1.50361405238639,2.37770759267858,1.2062561621472,2.91428123729908,1.85439418574212
237,1.09043844458776,0.682753030913275,1.40507034225698,0.765616491908223,2.26493167748713,0.701863006483152,2.62321184829654,1.50208266646688,2.37465451304411,1.20545310477183,2.90717308596302,1.85201428370446
238,1.08760620842398,0.681234621182767,1.40082649728723,0.763705895480448,2.26225060706225,0.70101396117148,2.61734174714855,1.50052576417148,2.37158268151515,1.2046166422263,2.89978576546498,1.8496367739165
239,1.08481507731362,0.679739677689025,1.39660806254367,0.761813143926971,2.25955057214531,0.70014039687753,2.61137215189084,1.49900363578925,2.36852338276644,1.20377230782179,2.89238889467711,1.84726736918393
240,1.08204297367278,0.678232409547718,1.39240451219577,0.759924660885667,2.25686874157654,0.699282624605394,2.60543315662731,1.49750458576516,2.36542977079817,1.20296545438109,2.88517385155783,1.84486458496802
241,1.07928231034706,0.676731661320655,1.38824422522589,0.75803472485257,2.25412699080034,0.698448596070326,2.599542753705,1.49598316158039,2.3624377501192,1.20212753354823,2.87776006112398,1.84251060218917
242,1.07655104510191,0.675228406934845,1.38410222250082,0.756160462248292,2.25146482906913,0.697622831008671,2.59353432749162,1.49446313727383,2.35950632934961,1.20129622467662,2.87040116704459,1.84014771971992
243,1.07382866121217,0.673741009850732,1.37996099527687,0.754295061016839,2.24881732591938,0.696764873795545,2.58762792912937,1.49295099160548,2.35655433038985,1.2004470760667,2.86315553054229,1.83779214653772
244,1.07113941047263,0.672267171878661,1.37587659453485,0.752462422552019,2.24609676137069,0.695918554613787,2.58168204673913,1.49147024429209,2.35351414840726,1.19962306833635,2.85589599978678,1.83537886403305
245,1.06844388716033,0.670807552799098,1.37181058856419,0.750628130441786,2.24341021031503,0.695096687077342,2.57574626525899,1.48999067084106,2.35057113421373,1.19881683463446,2.84867458367287,1.83295726823555
246,1.06577128222102,0.669348113349018,1.36775656212062,0.748803118473687,2.24062824416284,0.694284466851659,2.56974847220309,1.48850083581962,2.34773695151744,1.19797552622233,2.84140561775746,1.83052713309212
247,1.06311749762338,0.667904337473131,1.36375706211609,0.74698521124162,2.23786307749868,0.693456327449514,2.56368286605969,1.48699447271707,2.34479677897285,1.19715075337969,2.83404285866855,1.82810003606824
248,1.06048171260848,0.666469447198148,1.35976965959606,0.745171494616251,2.23504006338398,0.692615665403165,2.55759701920937,1.48551511063972,2.34185533040998,1.1963486561267,2.82660513612191,1.82565465431587
249,1.05785184370382,0.665031794689502,1.35584122277817,0.743358873242212,2.23224728339372,0.691774593233961,2.55150148934995,1.48405533287326,2.33878379501841,1.1955772788959,2.81941345448285,1.8231955127034
250,1.05522258573444,0.663579738532686,1.35193178555677,0.741518729591665,2.22946695549462,0.690941035445352,2.54552777144365,1.48261367974138,2.3357039511378,1.19479972471097,2.81210481644603,1.82077711883209
251,1.05255437159582,0.662128808099556,1.34801537957438,0.739703818451297,2.22671523511736,0.690106796346805,2.5393922944219,1.48117783404394,2.33268272148389,1.19397435980882,2.80500788273592,1.81837461034219
252,1.04990627516629,0.660660565694216,1.34412742417719,0.73789527770279,2.22395899922718,0.689281518336577,2.53316563995444,1.47969915927424,2.32962110873898,1.19313708237218,2.79801654235382,1.81596793662937
253,1.04727623352508,0.659218168835111,1.34025124411402,0.736113466499709,2.22113327286025,0.688463673212984,2.52704634519141,1.47824665910367,2.32666261841129,1.1923001806777,2.79088597597577,1.81359219164314
254,1.04465480695163,0.657786604429272,1.33640873903608,0.734345005120532,2.21823079796752,0.687646142995213,2.52095469753301,1.47678094953155,2.32357378876509,1.19146250790906,2.78379996990776,1.8112238294711
255,1.04202998947067,0.656382515591995,1.33260885447738,0.732585820979586,2.21531594074773,0.686818899860118,2.51498699792215,1.47529680366134,2.32039967636927,1.1906418310167,2.77680694706298,1.8089112564742
256,1.03944657877637,0.654977115085526,1.32883149326592,0.730834149242488,2.21244094932438,0.686007101073655,2.50912293419278,1.47378881833043,2.31730090403999,1.18982643278992,2.76971426217936,1.80660001712949
257,1.03685798392272,0.653554815281717,1.32505825947966,0.729070327933901,2.20940674295468,0.685185849497812,2.5031340631786,1.47229666996782,2.31413992104948,1.18898792960179,2.7625880370491,1.80424286205802
258,1.03429930791631,0.652141197665422,1.32132660120528,0.727318597644918,2.20644285576272,0.684371996116769,2.49723715995883,1.47081703792557,2.31098174463651,1.18815807690346,2.75557021940203,1.80199287312145
259,1.03176070784285,0.650734638764678,1.31764279368301,0.725583365146454,2.20361959969299,0.683581617550396,2.49138777579531,1.46932701832143,2.30797335462184,1.18733994765419,2.74850424576749,1.79975504359144
260,1.02924340558219,0.649332362380962,1.31397567530236,0.723862361190244,2.20075022728258,0.682771233211066,2.48550071181816,1.46783886111425,2.30498454684329,1.18651702535815,2.74149392580538,1.79748964525523
261,1.0267623938746,0.647943835976182,1.31033819373187,0.722152032987153,2.19782526618339,0.681964556323019,2.47947920571183,1.46634275747658,2.30193384389102,1.18568777665887,2.73461488118319,1.79522436613395
262,1.02430217361546,0.646564694909732,1.30673416868105,0.720451370173446,2.19497856852313,0.681148642170789,2.47349248485297,1.46483228530866,2.29896040552434,1.18488178027304,2.72798553423237,1.79298015614466
263,1.02183984593212,0.64518842973913,1.30313203812265,0.718759682582151,2.19222662981245,0.680331905706988,2.46739035284109,1.46331168507505,2.29581605918748,1.18408883041579,2.72124124715652,1.790676331364
264,1.019383823278,0.643824796493488,1.29953088307133,0.717077587113984,2.18937382967275,0.679536193057848,2.46132710653688,1.46180977059576,2.29274204872296,1.18326777785716,2.71436295602917,1.78841919742103
265,1.01692422000855,0.642466163367787,1.29593658208387,0.715414051845677,2.18649722653706,0.678771252134427,2.45526702894824,1.46030704557367,2.28970273695453,1.18241853355081,2.70753267138393,1.78615408374127
266,1.01447701606526,0.64111740088536,1.29234466869981,0.713767596927627,2.18354778796964,0.67797153779007,2.44921856453137,1.4588392216778,2.28668760896171,1.18156903928147,2.70078743218989,1.78388483150912
267,1.01203969332198,0.639754145259443,1.28876934405467,0.7121163300581,2.18060143797938,0.677159418929379,2.4432277886019,1.45735338503204,2.28369354519224,1.18071148272974,2.69411617622137,1.78164479203539
268,1.00962188844626,0.638396878276689,1.28520811457252,0.710465764000305,2.17773503419732,0.676347688832992,2.4372662264418,1.45587548709604,2.2807132185738,1.17985150499863,2.68727911536607,1.77942844321384
269,1.00721449472564,0.637060477955242,1.28171323743269,0.708809205641789,2.17491265124453,0.675527374051675,2.43128034070175,1.45443492645719,2.27776134286349,1.17902432924303,2.68053211388605,1.77719735555805
270,1.00482997973866,0.635739765706497,1.27823721800242,0.707175224849897,2.17211173069762,0.67473785554429,2.42534327271171,1.45300347472821,2.27481756107967,1.17821648472931,2.67404226103104,1.77496823206414
271,1.00245278725644,0.634409333124731,1.27478711660941,0.705548076647428,2.16920166808939,0.673968215031968,2.41936535594795,1.45157524609354,2.27202010255958,1.17740647233133,2.66729240291849,1.77266806142686
272,1.00006768460071,0.633091037601333,1.27134004608425,0.703937483547904,2.1663093132762,0.673203576071984,2.41337900487003,1.45015491458536,2.26906519579423,1.17661754206118,2.66031626794128,1.77035320723138
273,0.99769946042442,0.631765091814727,1.26792285698081,0.702325639760883,2.16343494409937,0.672445176993873,2.40752579307835,1.44871936340022,2.2660099565054,1.1758304446194,2.65340853117212,1.76809763295125
274,0.995327997525183,0.630458511766253,1.26453789033886,0.70072457411084,2.16059998461276,0.671677393288671,2.40176972130022,1.4473016618549,2.26321151172318,1.17504369758651,2.64664203601468,1.76578593211536
275,0.992964221437356,0.629143972396559,1.26115063213098,0.699124749117643,2.15791371266161,0.670910973179252,2.39600036325516,1.44589455287386,2.26026947813604,1.17422705581927,2.63987526167777,1.76348797797878
276,0.990619092391398,0.627829485515159,1.25780783676776,0.697534637610712,2.1551753638177,0.670167138556047,2.390479195655,1.44449598513832,2.25721068267384,1.17342506551177,2.63292617311805,1.76121691602285
277,0.988303425657195,0.626523289834452,1.2544543388231,0.695944087336728,2.15241381932251,0.669413235716222,2.38473670294199,1.44312255295816,2.25422646673892,1.17261242506802,2.62594265464149,1.75894708153136
278,0.986019386806897,0.625226535772648,1.25109170224631,0.694365807306102,2.14965144651018,0.668638938606902,2.37900135995256,1.4417044092275,2.25115222737466,1.17180122590717,2.61897727057258,1.7566594362352
279,0.983729206556143,0.623939682664194,1.24771825799307,0.692793274943429,2.14684330150443,0.667854308430738,2.373363636769,1.44027393212005,2.24808387993667,1.17098169689318,2.61188782511661,1.75440414042812
280,0.98144943532962,0.622663686023915,1.24436862704143,0.691235705464971,2.14400999520431,0.667067438966306,2.36757607085086,1.43885711469732,2.24489759484714,1.17015753503547,2.60474587246196,1.75207880858143
281,0.979175470319331,0.621400192334546,1.24102667596088,0.68968608888581,2.14122580418904,0.666295358215859,2.36191951051411,1.43742024120841,2.24163928647251,1.16933252508699,2.59789011864351,1.74974100739377
282,0.976906433101055,0.620149412717358,1.23769627189831,0.68813849068958,2.13840245423816,0.665526252194762,2.35619214753251,1.43601585886302,2.23828282898218,1.16850598447421,2.59089638521884,1.74741566484277
283,0.974664500004452,0.618891920486333,1.23438562125557,0.686599384507754,2.13549759347464,0.664770774462642,2.35045653518594,1.43459548515746,2.23497601989052,1.16770904876477,2.58379491945246,1.74507724232559
284,0.972430986417077,0.617643022659483,1.23107939590495,0.685067360546265,2.1325178983303,0.664015714952489,2.34488332306796,1.43317550307247,2.23165720946182,1.16689730350165,2.57670632086743,1.74269471990266
285,0.970201145890629,0.61640799443346,1.22781082087558,0.683541567609218,2.12943045758446,0.66326260376573,2.33922760894066,1.43172450832459,2.22833487789815,1.16606684275643,2.56981250928141,1.74038345901511
286,0.967980630001074,0.615165315854931,1.22456278658523,0.682034681533736,2.12630721877356,0.662493846768757,2.33359429602665,1.43028826415858,2.22493081622341,1.16523707328431,2.56298116151344,1.73806785225729
287,0.965767958087377,0.613927976332342,1.22136072918507,0.680537212040759,2.12322764619105,0.661718802984758,2.32806106542253,1.4289062981658,2.22163667971773,1.16443553296703,2.55622247647743,1.73570758838833
288,0.963563708041839,0.612721955363204,1.21818651908742,0.679049061590682,2.1201013083493,0.660958645002825,2.32240742144735,1.4274999140546,2.21831446678473,1.16368175567296,2.54985772290943,1.73333922108644
289,0.961374108343195,0.611510678465161,1.21503370673779,0.677561507751273,2.11699692218645,0.660201886575705,2.3166815146764,1.42609176058207,2.2150953358986,1.1629455101279,2.54350317531181,1.73097265392212
290,0.959181776804929,0.610296327925239,1.21187745278212,0.676074120075899,2.11382049592701,0.659439087729547,2.31100852008751,1.42465618369983,2.21182269134389,1.16218592510266,2.53722250320261,1.72857876006318
291,0.95699581903126,0.609082346311652,1.20874610415329,0.674592899724311,2.11062269745916,0.658694780518301,2.30540107299571,1.42320404737373,2.20852340143231,1.16143247734776,2.53088114209975,1.72618844560819
292,0.954803110045559,0.607879477839916,1.20562308328479,0.673127533255782,2.1073617078628,0.657917825314813,2.29968273614411,1.42181066330154,2.20533979758316,1.16068327947121,2.5244245841085,1.72380623298411
293,0.952627565011643,0.606678596945049,1.20254309724979,0.671671165085772,2.10408015432749,0.657152546930874,2.29415109381778,1.42037159867124,2.20204874602446,1.15991967753208,2.51810126491697,1.72137360578036
294,0.950464673002479,0.605494535362368,1.19950565837468,0.670205107920414,2.1007946796102,0.656409141381422,2.28865730593117,1.41890779260167,2.19879993423945,1.15915897034582,2.51176492063359,1.7189858069721
295,0.948325686860797,0.604317814448444,1.19649823118374,0.668754412561433,2.09751147452737,0.655654725428868,2.28316432908817,1.41747655908879,2.19554500203454,1.15840814984157,2.50532408091623,1.71659054121281
296,0.946200467208061,0.603138871640973,1.19350606788379,0.667302447570651,2.09417799994109,0.654913398710606,2.27779192136699,1.41608862655256,2.19240431306696,1.15765479372397,2.49886366099341,1.71414676118791
297,0.944078111811148,0.601957172645678,1.19050360397518,0.665848049261909,2.09083715800464,0.654174658665818,2.27236881170797,1.41465055781882,2.18924965378414,1.15688852364466,2.4926030939076,1.71170260284377
298,0.941957596819063,0.600786481522516,1.18750629565241,0.664397802444019,2.08749017320677,0.65343327543713,2.26700097409818,1.41321716194325,2.18594136905183,1.15611845727653,2.48634917812861,1.70926961257158
299,0.939837730693366,0.59960958174297,1.1845093428184,0.662964878575422,2.08417038244916,0.652680489488697,2.26160487073691,1.41177292925796,2.18255226396223,1.15533217421622,2.48032630977356,1.70683366351294
300,0.937729207657492,0.598446203731159,1.18151511826483,0.661543120893874,2.08082640650115,0.651940112772837,2.25616573945957,1.41033736443984,2.17931742975209,1.15455975006779,2.47431126799213,1.70442024293795
301,0.935638157025649,0.597272358676565,1.17855407100623,0.660122716694976,2.0775541509213,0.651220056035976,2.25096992765267,1.40887459123308,2.17599523911383,1.15381748595775,2.46845428828764,1.70201241711705
302,0.933562541988198,0.596110463235073,1.17562631548879,0.65870292830108,2.07417135078285,0.650514207849175,2.24585575712746,1.40742785688345,2.17275662077226,1.15304978105711,2.46279862855714,1.69963231020837
303,0.931489678008425,0.594956764018685,1.1727314578071,0.657294048631559,2.07075718373489,0.64980907824192,2.24063166338046,1.40600913223946,2.16952650058033,1.1522633229867,2.45686888044249,1.69718089375147
304,0.929428384893551,0.593812478606067,1.16983723928283,0.655899363350318,2.06745835278165,0.649107666758823,2.2353954038752,1.40457929486023,2.16619034975381,1.15146095762838,2.45127290425409,1.69477840410606
305,0.927368612031173,0.592678987370656,1.16694689326935,0.654508405050506,2.064146128349,0.648409588062626,2.23018933711183,1.4031148576369,2.16294709114338,1.15068807851656,2.44606851346528,1.69239813514753
306,0.925325413096404,0.591552746714549,1.16406398095455,0.653126490197211,2.06091621791263,0.647698481169978,2.22517934185679,1.40164371224698,2.15966621295322,1.14989677809194,2.44089795951248,1.69000043446354
307,0.923294041315887,0.590436241474394,1.16119802213142,0.651753729430328,2.05749073168979,0.647000001588664,2.22014815013564,1.40019568944087,2.15638860167701,1.14910492210012,2.43573766082121,1.68759551609969
308,0.921286364192597,0.589323149365117,1.15834797118504,0.650381216296453,2.05425249145987,0.646282450276168,2.21511754081653,1.39877585813675,2.15314522275461,1.14831916462147,2.43046702928898,1.68523522654903
309,0.919270948551884,0.588201399071287,1.15549950244989,0.648999569398783,2.05095264161237,0.645568624161036,2.21024816266725,1.39729602745663,2.14988230887373,1.1475165767072,2.42523709781629,1.68286062328036
310,0.917280235524636,0.587094283690762,1.1526586186561,0.647622642874059,2.04760375073833,0.64487800826371,2.20542985282751,1.39582164972675,2.14655618822704,1.14672082225439,2.420019940281,1.68048942759186
311,0.915308074764243,0.585984737125939,1.14983190312753,0.646262818706472,2.04429892831904,0.644179441441648,2.20047755736998,1.39437469075308,2.14316225359894,1.14591993611506,2.41470069030356,1.67817630265941
312,0.913343271667341,0.584879300297967,1.14703820033116,0.644915905275405,2.04096816749577,0.643480839184663,2.19561330537799,1.39293878121212,2.13995415183594,1.14513195735206,2.40949032435627,1.67580430027252
313,0.9113902444836,0.583767162154363,1.14426780147259,0.643570223252197,2.03766556688539,0.642779359878694,2.19080649727072,1.39146324984975,2.13676543302302,1.14431260089247,2.40450367426736,1.67346996379087
314,0.909443572278054,0.5826614749216,1.14148918329427,0.642230159034276,2.03423990816184,0.642089710357578,2.18588306836086,1.39000437806255,2.13339969477825,1.14351387938905,2.39936455230456,1.67112900562719
315,0.9074996624181,0.581563067856236,1.13872550390271,0.640901945073303,2.03073829899261,0.64138638533033,2.18113032790695,1.3885723435161,2.13012041782111,1.14272111281041,2.39408486765231,1.66874335596874
316,0.905573405886948,0.580463255800428,1.13600137598352,0.639568976896589,2.02727182738541,0.640687062976789,2.17640589037776,1.38717011076836,2.12680112166471,1.14192104165328,2.38885260539338,1.66637970284451
317,0.903649933466533,0.579364543309512,1.13328090627964,0.638235563291496,2.02379889120899,0.639993875506293,2.17162764449108,1.38573668820827,2.12352179970429,1.14111281280797,2.38380289124164,1.66404531010856
318,0.901737871026499,0.578263888710566,1.13057896584155,0.636900317452369,2.02027365531951,0.639306681976801,2.16700002367032,1.3843468097284,2.12024785292299,1.14032544314676,2.37852521207359,1.66166714819226
319,0.899814455182432,0.577170976225342,1.12788311980703,0.635573381273928,2.01673322584461,0.638624768378407,2.16225458604111,1.38295293007171,2.11713901652169,1.13953621542882,2.37318671971093,1.65928550302106
320,0.897897004996343,0.576082064405399,1.12519038508161,0.634256381223938,2.01325991938311,0.637946571913517,2.15760705112927,1.38149426651803,2.11390583600161,1.13874051036284,2.36779127424575,1.65691561624127
321,0.895993211091452,0.574984724500206,1.1225225725127,0.632938266308122,2.00973196637311,0.637236578766424,2.15296497695523,1.3800659474323,2.11071856250232,1.13797305630577,2.36251978476054,1.65456193094246
322,0.894091509138785,0.573897471156674,1.11988025939164,0.631617845511092,2.00626598954026,0.636556377594809,2.1482441806668,1.37866791991066,2.10752195471676,1.13718985549088,2.35730653235291,1.6521566935596
323,0.8921942980014,0.572815837915357,1.11725709864644,0.630311055285618,2.00286095045723,0.635877697205273,2.1436097923118,1.37726881475182,2.10431257542856,1.13638640220492,2.35213593907961,1.64975969621056
324,0.890312262045477,0.571744417250475,1.11465293440566,0.629020541960803,1.99957171130661,0.635195940376008,2.13895955467788,1.37588073616879,2.10099481934601,1.13557784341319,2.34675579716191,1.64736852034453
325,0.888422551564682,0.570677486433861,1.11204842401055,0.627741176833953,1.99631808305051,0.634497716497113,2.13430110454643,1.37454524915202,2.09766306295393,1.13478841658771,2.34137620189542,1.64496127169167
326,0.886540129837204,0.569614047999035,1.10947017939136,0.626466061620791,1.99306696791845,0.633807879821542,2.1296439217281,1.37324793543545,2.09438813942346,1.13401252357972,2.33637891667817,1.64252470915351
327,0.884670415442489,0.568565167573086,1.10688891974053,0.625186640066026,1.98978825710883,0.633128578576827,2.12488631917895,1.37191872503802,2.09113706341327,1.13322837375901,2.33128013820957,1.64010752682588
328,0.882802439132941,0.567502687695018,1.1043180582142,0.623916708200708,1.98643115278455,0.632448660239954,2.12018573960608,1.37060278570639,2.08775108759405,1.13245674866334,2.32594057148879,1.63770763101972
329,0.880943216837671,0.566454652282406,1.10176109603721,0.622659205700949,1.9829854218371,0.631780514991245,2.1155509216836,1.3692874017721,2.08453196522424,1.13170531530398,2.3205541336638,1.6352957686773
330,0.87909761207957,0.565411312916824,1.09919690542695,0.621409827725131,1.97957550204704,0.631111730104342,2.1108707244649,1.36791423307229,2.08118683084389,1.13092322661186,2.31546127573892,1.63291214925767
331,0.877254243043568,0.564353746932347,1.09664916601896,0.620158436171955,1.97601696276882,0.630444621424984,2.10622842982214,1.36652499800644,2.07775323261016,1.13013100691987,2.31030627644218,1.63055874849922
332,0.875406046552089,0.563307865057992,1.09409546745147,0.618905745117651,1.97244772151912,0.629775187596521,2.10163600111448,1.36514708815536,2.07433240782098,1.12933995718713,2.30479042372709,1.62821810481963
333,0.873564087876851,0.56225397706455,1.09155418091133,0.617670098150038,1.96901769311788,0.62909096899878,2.09702045862293,1.36383663392367,2.07095915599584,1.12858360358825,2.29939151863339,1.62582268680415
334,0.871732995551936,0.561206030218826,1.08903745835855,0.616436585288372,1.96545274489314,0.628428286912361,2.09236355857417,1.36250060001896,2.06760269015989,1.12782333029914,2.29414389278822,1.62343835127197
335,0.869915567030311,0.560167702870768,1.08653285301594,0.615208163026492,1.96191330104173,0.627756763234866,2.08767022378309,1.36118440391176,2.06416076808711,1.12706246934792,2.28890049846657,1.62105588490032
336,0.868098321051997,0.559127838124181,1.08404065859492,0.613996149309963,1.95849546731381,0.627074159960236,2.08300477279249,1.35985981621905,2.06087522455277,1.1263119280963,2.2838588619251,1.61866447985076
337,0.866282257423416,0.558091761101908,1.08155693039108,0.612790738339985,1.95512916473399,0.626394305177223,2.07836532624955,1.35853857138384,2.05749659284952,1.12555972396865,2.27894406580438,1.61627247829038
338,0.86446800993106,0.557061472319569,1.07908067898165,0.611586984960184,1.95164865217146,0.625716913346015,2.0736467587437,1.35723483633759,2.05410036519605,1.12480650266686,2.2737529414991,1.61386086347165
339,0.862670709467347,0.556042039497316,1.0766228896917,0.610391882333647,1.94812714079272,0.625057620810108,2.06899136848949,1.35589553672378,2.05065954212652,1.12404612073099,2.26869632364301,1.61150069767434
340,0.860896214916804,0.555020326408239,1.07418396711272,0.609204478192904,1.94459149616003,0.624406809955165,2.06440130037726,1.35456922722734,2.04728334747774,1.12330237933341,2.2638436324273,1.60911600867547
341,0.85914365700164,0.554005878673476,1.0717652306094,0.608030550044464,1.94111668846726,0.623748557454573,2.05974694294493,1.35327037475446,2.04387533759199,1.12256012561765,2.25897997345311,1.60675316979189
342,0.857398027909098,0.552984608198292,1.06937769427183,0.606850400325324,1.93755808307334,0.62306874722045,2.05531462294392,1.35190625804243,2.04060837388868,1.12184111376962,2.25401268636304,1.60436914950274
343,0.855658783382934,0.551975837799318,1.06699686817464,0.605667807325666,1.93398697548918,0.622382530008002,2.05099136398223,1.35054494726343,2.0371545734723,1.12111970814316,2.24932045546722,1.60204065037686
344,0.853937383955005,0.550964146882524,1.06462773355233,0.604490079584238,1.93049962128408,0.621702916676469,2.04663616170092,1.34918328302682,2.03378473467747,1.1203929089688,2.24452536076223,1.59964804629281
345,0.852210255060496,0.549956401827569,1.06225647664272,0.603314389396756,1.92696087317744,0.621034491829477,2.04213734061702,1.34780890549955,2.0305470809389,1.11966171709552,2.23960726839406,1.59729267761892
346,0.850497684737348,0.548959911898425,1.05988840522143,0.602145271076089,1.9235310614661,0.620374464298037,2.03771621562701,1.34643983776977,2.02724651923564,1.11893554403495,2.23494848907483,1.59492493971694
347,0.848807602409747,0.547969504364817,1.05753922332886,0.600975708604923,1.92011332988452,0.619715627013092,2.0333543361909,1.34506053173157,2.0238352037685,1.11824185413381,2.23048232889354,1.59253718879369
348,0.847108485091311,0.546987536203273,1.05519906796362,0.599817528928307,1.91661968442308,0.619060741726533,2.02905136706731,1.34363390630068,2.02041138842666,1.11754537096051,2.22573558792183,1.59023648003419
349,0.845422539963259,0.545998939336593,1.05286982463477,0.598654832767852,1.9131324302691,0.61841363038411,2.02477170509785,1.34229719605605,2.0169953740582,1.11683422168571,2.22108724083467,1.58789716076747
350,0.843740312453735,0.545006664957161,1.05053790693284,0.597486625370308,1.90960454250804,0.617758996036285,2.02044427544539,1.34099349112807,2.01371594378427,1.11611035644871,2.21651936338565,1.58555072240633
351,0.842055580618461,0.544028329697154,1.04822435342776,0.596335954402479,1.90611853290853,0.617117011208844,2.01605802420449,1.33967435408589,2.01044897423719,1.11537719546326,2.2118631610938,1.58320933986127
352,0.840365877226609,0.543064840770395,1.04590551931157,0.595193161497981,1.90274431844078,0.616474777646831,2.01164180065237,1.33837085216064,2.00718264155066,1.11462092496666,2.2070313135821,1.58088501296396
353,0.838706488310194,0.542098345495458,1.04359257248564,0.59405667522528,1.89928699965808,0.615843706184749,2.00725122055321,1.33704656320096,2.00392483352919,1.11385934625177,2.20212374610219,1.5785712180568
354,0.837053473880444,0.541131297403403,1.0413182847317,0.592912527387105,1.89587676199987,0.615217324447639,2.00309922205012,1.33567252119551,2.00059917644533,1.11309651566507,2.19747939927778,1.57626290461186
355,0.835395151825611,0.540174097880307,1.03904371156557,0.591771458317166,1.89252504787982,0.614571557198792,1.99893130426326,1.33433859582986,1.99724738048708,1.11233537820675,2.19292307891439,1.57395069637136
356,0.833737222901305,0.53921827617608,1.03678231369313,0.590637190441107,1.88924431566689,0.613933618002123,1.9946641340819,1.33304533598658,1.99389113014658,1.11161327966389,2.18828521283213,1.57167745896891
357,0.832067463080149,0.538264231445993,1.03450350030122,0.589517225652366,1.88603509694499,0.613307130090546,1.99042468160362,1.33172435418661,1.99053887075237,1.11086873812426,2.18348518832756,1.56936844657931
358,0.830420182934189,0.537307779304418,1.03227042341976,0.588392024495934,1.88285826344994,0.612672652189691,1.98627669771612,1.33036484874997,1.98720792785496,1.11010075019987,2.17893914239094,1.5670321564467
359,0.828786039941703,0.536340467529743,1.03005012667337,0.587268315567468,1.87966465845565,0.612048035455647,1.98211335794693,1.32901672202903,1.98385779048665,1.10936325619224,2.17446362012456,1.56475029836502
360,0.827166030751284,0.535398603971253,1.02783607917574,0.586152919977837,1.87654753295096,0.611422252789135,1.97781419390494,1.3276953267354,1.98063216664169,1.1086380884967,2.17013357291442,1.56241719207745
361,0.825547223743667,0.534450850260366,1.02564243032088,0.585039561184976,1.87349150283537,0.610801324910395,1.97364275389429,1.32636947598618,1.97733461589061,1.1078847804998,2.16586371073484,1.56009214502438
362,0.823930210513086,0.533497929464253,1.02345574528676,0.583922835854379,1.87032813678683,0.610201543071559,1.96960608233404,1.32502600283902,1.97405770362944,1.10715555021796,2.16181634149892,1.55784509771012
363,0.822327173099504,0.53254687901805,1.02127782553966,0.582811906741275,1.8673250601745,0.609606268760733,1.96564153258786,1.32369954400964,1.97086550786849,1.10638976589125,2.15782899228133,1.5555301776876
364,0.820732223466798,0.531601800299138,1.01910816227825,0.581703765592883,1.86428968095691,0.609010020740015,1.96156740083082,1.32236326827018,1.96757545387504,1.10563877296052,2.15374928270231,1.55318593079881
365,0.81913841408601,0.530647264306521,1.01695894115669,0.580604690006465,1.8611250005768,0.608416684563415,1.95753282106213,1.32102561465558,1.96439836295083,1.10488164243512,2.14949071728216,1.55092929003653
366,0.817549144764204,0.529708354243977,1.01481732975003,0.579515297345446,1.85791697953502,0.607812428832821,1.95375486913203,1.3196816525423,1.96125171638501,1.10412691436534,2.14551397462141,1.54866440448192
367,0.815955777708407,0.528784736175322,1.01268559966154,0.578429517720611,1.85473983394924,0.607205250893938,1.94985287454242,1.31834177874674,1.95805241619441,1.1033780321273,2.14160082541901,1.54638807991423
368,0.814369571800562,0.527874646003005,1.01056582996368,0.577350824791756,1.85162542357357,0.606592879552751,1.94582396530678,1.31703886298026,1.95476191964199,1.10261842234318,2.13783382354714,1.54415236680483
369,0.812798491090843,0.52696565429302,1.00844001502723,0.57627671657304,1.84849530690906,0.605992259790056,1.9419957539905,1.3157664830098,1.95158253298683,1.10186825848465,2.13377107638675,1.54191673608198
370,0.811225703065381,0.526072343250375,1.00631007777978,0.575221203021989,1.84541643018918,0.605401779346496,1.93829078182323,1.31447336005759,1.9484269812159,1.10109728925416,2.12961118940129,1.53962333651133
371,0.809658369995337,0.52518766304368,1.00418116403609,0.57415967178499,1.84230329695193,0.604802188786649,1.93452006577664,1.313209115131,1.9453226256207,1.10032236711911,2.1256151630977,1.5373360135389
372,0.808110561888614,0.524298169396065,1.00204795762848,0.573111706687306,1.83918162356722,0.604192556060688,1.93077093255418,1.31191257428747,1.94210715186153,1.09959328347726,2.12156203642259,1.53503644932093
373,0.806582853871606,0.52340344537565,0.999955741588401,0.572058742038349,1.83619401185957,0.603591470003679,1.9270436392219,1.3106627387017,1.93875301313443,1.09888938869655,2.11748234747,1.5327217037095
374,0.805069872852481,0.522505944406563,0.997899255533399,0.571003917179444,1.83311683561281,0.603006649981604,1.92338220931171,1.30937618150864,1.93539983227374,1.09817542641622,2.11353462586815,1.53043376655222
375,0.803572138123696,0.521614325991095,0.995834959581696,0.56995193416484,1.82999404318509,0.6024193143148,1.91975446813131,1.30811958053398,1.93218351343755,1.09746721791471,2.1095442964463,1.52818157427877
376,0.802069963998931,0.520723848984673,0.993770009610966,0.568900434839163,1.82682914307234,0.60182816330681,1.91643816718443,1.30683782520022,1.9288715656983,1.09677912684468,2.10557314161321,1.52592951104878
377,0.800544904353255,0.51983700170658,0.991695347157131,0.567860976828955,1.82371706950098,0.601230278705082,1.91281113384478,1.30561095486521,1.92576181457211,1.09608654466465,2.10156816295156,1.52369174742087
378,0.799033647586976,0.518962547937004,0.989620658348421,0.56682275036518,1.82087647984139,0.600625669824586,1.9094090232373,1.30435800295488,1.92263791134682,1.09535220482394,2.09773770136779,1.52145900183045
379,0.797515553315992,0.518092176216787,0.987568711539577,0.565795888595764,1.81800345706707,0.600032150743089,1.90597018902063,1.30311539332037,1.91952541800743,1.09460706932224,2.09384544343874,1.51918344038162
380,0.79601867931105,0.517208036185545,0.985561054445668,0.56476537212531,1.81505566285936,0.599441487424074,1.90261182409936,1.30188921310711,1.91650227557288,1.09386481176381,2.08986429630589,1.51691137209754
381,0.794533576282523,0.516321879010989,0.983563249732905,0.563734697534272,1.81219659141573,0.598860388012074,1.89933327762403,1.3006394273253,1.91341471837393,1.09314212322146,2.08574336943868,1.5146201071502
382,0.793043424102683,0.515439525042215,0.981570323996311,0.562707053916572,1.80924038451195,0.598272621290565,1.89611480149035,1.29942278156604,1.91047363138158,1.09240794235265,2.08169575137772,1.51235486018459
383,0.791557492757193,0.514563477415679,0.979596675287541,0.561683959187119,1.80627337759936,0.597693471265155,1.89282790053409,1.29818217892662,1.90753775869823,1.09169710038974,2.07780945628694,1.5100879178377
384,0.790095824322576,0.51368955775909,0.977628651027411,0.560664080178499,1.80354485773183,0.59712261204891,1.88960457309917,1.29691857834773,1.90457496119553,1.09098668508962,2.07384861373771,1.50782561197549
385,0.788625299544868,0.512820118883846,0.97564875786055,0.559649233393458,1.80074602941337,0.596548620452289,1.88629740002176,1.29570541336249,1.90173919885932,1.09028278731128,2.0698410527886,1.50559904442347
386,0.787163608162663,0.511957077387911,0.973676401238321,0.5586437456583,1.79790973199266,0.595967023169312,1.8830451587204,1.29445299626912,1.89906109026409,1.08959582176664,2.06589530755584,1.5034202952798
387,0.785717319838971,0.511095438950684,0.971734303930574,0.557645666411024,1.79494666786486,0.59538752182463,1.87983830202394,1.29323907055682,1.89632775776281,1.08893730180259,2.06222477834605,1.50122634919857
388,0.784271641437003,0.510235028611047,0.969800605376673,0.55664442008112,1.7919598967317,0.594814472341077,1.87654929821443,1.29200654870204,1.89348937536894,1.08823495882803,2.05860483751764,1.49900240314082
389,0.782816454117383,0.509388113168114,0.967845242261753,0.555647173662475,1.78915462066779,0.594256268886147,1.87313961730884,1.29076466716589,1.89064439605329,1.08753899452664,2.05488748956612,1.49680886059001
390,0.781373683813539,0.508550150794868,0.965908946691762,0.554652206247777,1.78639538904322,0.593691730240774,1.86983884736149,1.28954958294024,1.88775697207963,1.0868274942765,2.05118317782768,1.49462787185473
391,0.779932976659352,0.507706216496195,0.963984210301661,0.553646825475142,1.78351318275262,0.593118994657307,1.86646290495621,1.28836144597599,1.88482429427525,1.08609740924491,2.04747508663027,1.49241814511916
392,0.778501492580327,0.506865611770068,0.962063974813592,0.552650774684438,1.78052688105623,0.592543636030436,1.8630180320315,1.28714881748014,1.88193171669303,1.08542973108362,2.04364581009708,1.49024894373657
393,0.777068432498902,0.506035094050693,0.960158952936856,0.551659819040355,1.77762444192294,0.591971952324927,1.85963580099092,1.28592907027711,1.87894907690808,1.08472676184277,2.03984928989642,1.48808436153854
394,0.775645125843557,0.505201285082249,0.95825921033913,0.55067629327901,1.77462863085363,0.591387298388688,1.85633943562909,1.28471318906664,1.87582589877429,1.08403734952564,2.03609653637954,1.48586225900018
395,0.774224251271376,0.50436513298892,0.956371897119758,0.549700165061902,1.77160903981519,0.59080399620061,1.85294751300293,1.28343972631929,1.87278764511294,1.08334550245581,2.03231414877327,1.4836249649907
396,0.77280541861106,0.503529485680131,0.954513159819308,0.548715950456461,1.7687336217357,0.590225239486362,1.84940764605238,1.28221171209949,1.86971670131843,1.08263325430956,2.02860104471617,1.48141608351177
397,0.77139625954135,0.502697391535389,0.95266425510813,0.547727628173741,1.76581141443459,0.589659230713456,1.84592023520566,1.2810171824639,1.86657479813394,1.08193200266924,2.0249110698886,1.47924026877604
398,0.769999687594477,0.501868298310894,0.950819696792952,0.546748705771939,1.76298531615496,0.589104634369083,1.8423606514951,1.2797563835303,1.86348892148896,1.08120920033326,2.02116442701091,1.47706688086185
399,0.768598891501204,0.501051385841434,0.948999280491484,0.545768486502823,1.76016235902805,0.588527061134951,1.83877276796283,1.2785435921755,1.86032787957364,1.08045859937162,2.01753907542921,1.47490464897676
400,0.767189650911269,0.500241392743945,0.947191540136947,0.544796048965546,1.75738547632505,0.587942850720036,1.83520357927259,1.27734882731844,1.85722350683437,1.0797071711141,2.01374900861687,1.47269627894465
